{"cameraMode":{"drawMode":0,"name":"Shaded","section":"Shading Mode"},"sceneLighting":false,"audioPlay":false,"sceneViewState":{"showFog":true,"showMaterialUpdate":true,"showSkybox":false,"showFlares":true,"showImageEffects":true,"showParticleSystems":true},"in2DMode":false,"pivot":{"x":0.035155534744262698,"y":1.5232934951782227,"z":8.533998489379883},"rotation":{"x":-0.028340157121419908,"y":-0.892308235168457,"z":0.05656541883945465,"w":-0.44698524475097659},"size":11.955140113830567,"orthographic":false}