{"cameraMode":{"drawMode":0,"name":"Shaded","section":"Shading Mode"},"sceneLighting":true,"audioPlay":false,"sceneViewState":{"showFog":true,"showMaterialUpdate":true,"showSkybox":true,"showFlares":true,"showImageEffects":true,"showParticleSystems":true},"in2DMode":false,"pivot":{"x":-47.40034103393555,"y":2.0040223598480226,"z":16.622966766357423},"rotation":{"x":-0.12018455564975739,"y":0.6260743737220764,"z":-0.09846587479114533,"w":-0.7641434073448181},"size":87.67961120605469,"orthographic":false}